{
	"forge_marker": 1,
	"defaults": {
		"textures": {
			"top": "openprinter:blocks/block_side",
			"front": "openprinter:blocks/printer_front",
			"side": "openprinter:blocks/block_side"
		},
		"model": "minecraft:orientable"
	},
	"variants": {
		"normal": [{}],
		"inventory": [{
			"transform": "forge:default-block"
		}],
		"facing": {
			"north": {"model": "minecraft:orientable", "y": 180},
			"south": {"model": "minecraft:orientable"},
			"west": {"model": "minecraft:orientable", "y": 90},
			"east": {"model": "minecraft:orientable", "y": 270}
		}
	}
}